score,param
2,"{'brightness': 0.893552555401847, 'saturation': 0.8003696469444327, 'contrast': 1.2743613428183451, 'sharpness': 1.0604779867771543}"
1,"{'brightness': 0.9680144251673759, 'saturation': 0.6154443121548059, 'contrast': 0.9103913808110429, 'sharpness': 1.4497682813601918}"
